{"1 Pyongyang-si Kangdong-gun":{"ADM0":"PRK_14_20x10_2025","ADM1":"Pyongyang-si","ADM2":"Kangdong-gun","landuse":{"Landuse_Sum":{"val":{"Residential":0.1760939614,"Agricultural":0.7660750668,"Commercial":0.0737045974,"Factory":0.0222669988,"Mining":15.7970031197,"Power station":0.2137926159,"Transportation":4.6885455626,"Sports":0.5612938377,"Religious":1.5400601616,"Water":1.0478183354,"Others":14.1463708555},"desc":"Sum of landuse ratio","type":"default","weight":null},"Landuse_Average":{"val":{"Residential":0.004402349,"Agricultural":0.0191518767,"Commercial":0.0018426149,"Factory":0.000556675,"Mining":0.394925078,"Power station":0.0053448154,"Transportation":0.1172136391,"Sports":0.0140323459,"Religious":0.038501504,"Water":0.0261954584,"Others":0.3536592714},"desc":"Average landuse ratio","type":"ratio","weight":40.0}}},"2 Pyeongannam-do Bukchang-gun":{"ADM0":"PRK_14_20x10_2025","ADM1":"Pyeongannam-do","ADM2":"Bukchang-gun","landuse":{"Landuse_Sum":{"val":{"Residential":0.2790307697,"Agricultural":0.3691679634,"Commercial":0.0547279449,"Factory":0.0695971236,"Mining":6.1240893355,"Power station":1.7573401923,"Transportation":2.829560475,"Sports":0.0926856923,"Religious":2.2143870226,"Water":6.4683179488,"Others":18.3280945413},"desc":"Sum of landuse ratio","type":"default","weight":null},"Landuse_Average":{"val":{"Residential":0.0069757692,"Agricultural":0.0092291991,"Commercial":0.0013681986,"Factory":0.0017399281,"Mining":0.1531022334,"Power station":0.0439335048,"Transportation":0.0707390119,"Sports":0.0023171423,"Religious":0.0553596756,"Water":0.1617079487,"Others":0.4582023635},"desc":"Average landuse ratio","type":"ratio","weight":40.0}}},"3 Pyeongannam-do Sinyang-gun":{"ADM0":"PRK_14_20x10_2025","ADM1":"Pyeongannam-do","ADM2":"Sinyang-gun","landuse":{"Landuse_Sum":{"val":{"Residential":0.128216481,"Agricultural":0.0199190758,"Commercial":0.0419044127,"Factory":0.0084231128,"Mining":18.9795870312,"Power station":0.1219670889,"Transportation":1.3799368876,"Sports":0.0961916651,"Religious":0.550109085,"Water":11.0205794728,"Others":17.2461810866},"desc":"Sum of landuse ratio","type":"default","weight":null},"Landuse_Average":{"val":{"Residential":0.0025140486,"Agricultural":0.0003905701,"Commercial":0.0008216552,"Factory":0.0001651591,"Mining":0.3721487653,"Power station":0.0023915115,"Transportation":0.027057586,"Sports":0.0018861111,"Religious":0.0107864526,"Water":0.2160897936,"Others":0.3381604135},"desc":"Average landuse ratio","type":"ratio","weight":51.0}}},"4 Pyeonganbuk-do Yeonju-gun":{"ADM0":"PRK_14_20x10_2025","ADM1":"Pyeonganbuk-do","ADM2":"Yeonju-gun","landuse":{"Landuse_Sum":{"val":{"Residential":0.1141614046,"Agricultural":0.0238620425,"Commercial":0.3333245762,"Factory":0.0411262203,"Mining":21.5575353326,"Power station":0.5180079195,"Transportation":1.3249210021,"Sports":0.0103194938,"Religious":0.6173365277,"Water":1.6113784363,"Others":17.2997034105},"desc":"Sum of landuse ratio","type":"default","weight":null},"Landuse_Average":{"val":{"Residential":0.0025945774,"Agricultural":0.0005423191,"Commercial":0.0075755585,"Factory":0.0009346868,"Mining":0.4899439848,"Power station":0.0117729073,"Transportation":0.030111841,"Sports":0.000234534,"Religious":0.0140303756,"Water":0.0366222372,"Others":0.3931750775},"desc":"Average landuse ratio","type":"ratio","weight":44.0}}},"5 Pyeonganbuk-do Daegwan-gun":{"ADM0":"PRK_14_20x10_2025","ADM1":"Pyeonganbuk-do","ADM2":"Daegwan-gun","landuse":{"Landuse_Sum":{"val":{"Residential":0.1677407481,"Agricultural":0.7221579147,"Commercial":0.0095977336,"Factory":0.0189552086,"Mining":13.5402460271,"Power station":0.4707209179,"Transportation":5.2985590709,"Sports":0.0502970493,"Religious":1.1278630291,"Water":6.7001844311,"Others":23.6910463732},"desc":"Sum of landuse ratio","type":"default","weight":null},"Landuse_Average":{"val":{"Residential":0.0031649198,"Agricultural":0.013625621,"Commercial":0.0001810893,"Factory":0.0003576454,"Mining":0.2554763401,"Power station":0.0088815268,"Transportation":0.0999728127,"Sports":0.0009490009,"Religious":0.0212804345,"Water":0.1264185742,"Others":0.447000875},"desc":"Average landuse ratio","type":"ratio","weight":53.0}}},"6 Hwanghaenam-do Baecheon-gun":{"ADM0":"PRK_14_20x10_2025","ADM1":"Hwanghaenam-do","ADM2":"Baecheon-gun","landuse":{"Landuse_Sum":{"val":{"Residential":0.2148195538,"Agricultural":3.0580315777,"Commercial":0.0219628205,"Factory":0.0134637906,"Mining":15.8211324827,"Power station":0.5048836629,"Transportation":0.8697207071,"Sports":0.0391034451,"Religious":1.5639519172,"Water":0.6128557424,"Others":17.5689553643},"desc":"Sum of landuse ratio","type":"default","weight":null},"Landuse_Average":{"val":{"Residential":0.0052395013,"Agricultural":0.074586136,"Commercial":0.0005356785,"Factory":0.0003283851,"Mining":0.3858812801,"Power station":0.0123142357,"Transportation":0.0212127002,"Sports":0.0009537426,"Religious":0.0381451687,"Water":0.014947701,"Others":0.4285111064},"desc":"Average landuse ratio","type":"ratio","weight":41.0}}},"7 Hwanghaenam-do Jangyeon-gun":{"ADM0":"PRK_14_20x10_2025","ADM1":"Hwanghaenam-do","ADM2":"Jangyeon-gun","landuse":{"Landuse_Sum":{"val":{"Residential":0.1491286085,"Agricultural":1.659660892,"Commercial":0.05889704,"Factory":0.0283538121,"Mining":23.3969775286,"Power station":0.3071292313,"Transportation":0.9452465433,"Sports":0.0221152301,"Religious":0.8250274215,"Water":2.1971475528,"Others":10.5709023304},"desc":"Sum of landuse ratio","type":"default","weight":null},"Landuse_Average":{"val":{"Residential":0.0036372831,"Agricultural":0.040479534,"Commercial":0.0014365132,"Factory":0.0006915564,"Mining":0.5706579885,"Power station":0.0074909569,"Transportation":0.0230547937,"Sports":0.0005393959,"Religious":0.02012262,"Water":0.0535889647,"Others":0.2578268861},"desc":"Average landuse ratio","type":"ratio","weight":41.0}}},"8 Hwanghaebuk-do Hwangju-gun":{"ADM0":"PRK_14_20x10_2025","ADM1":"Hwanghaebuk-do","ADM2":"Hwangju-gun","landuse":{"Landuse_Sum":{"val":{"Residential":0.1035837761,"Agricultural":6.1101821229,"Commercial":0.0099710863,"Factory":0.0321926452,"Mining":16.4504413954,"Power station":0.3619388526,"Transportation":4.2861181257,"Sports":0.036643529,"Religious":1.5918571111,"Water":2.3640633214,"Others":5.9685210043},"desc":"Sum of landuse ratio","type":"default","weight":null},"Landuse_Average":{"val":{"Residential":0.0027258888,"Agricultural":0.1607942664,"Commercial":0.000262397,"Factory":0.0008471749,"Mining":0.4329063525,"Power station":0.0095247066,"Transportation":0.1127925823,"Sports":0.0009643034,"Religious":0.0418909766,"Water":0.0622121927,"Others":0.1570663422},"desc":"Average landuse ratio","type":"ratio","weight":38.0}}},"9 Hwanghaebuk-do Goksan-gun":{"ADM0":"PRK_14_20x10_2025","ADM1":"Hwanghaebuk-do","ADM2":"Goksan-gun","landuse":{"Landuse_Sum":{"val":{"Residential":0.2551988532,"Agricultural":0.0848107674,"Commercial":0.201563144,"Factory":0.0071072594,"Mining":12.4528196498,"Power station":0.7076562849,"Transportation":1.955486604,"Sports":0.0874763101,"Religious":0.8658905489,"Water":10.8411829962,"Others":17.4258253556},"desc":"Sum of landuse ratio","type":"default","weight":null},"Landuse_Average":{"val":{"Residential":0.0055478012,"Agricultural":0.0018437123,"Commercial":0.0043818075,"Factory":0.0001545056,"Mining":0.2707134706,"Power station":0.0153838323,"Transportation":0.0425105783,"Sports":0.0019016589,"Religious":0.0188237076,"Water":0.2356778912,"Others":0.3788222903},"desc":"Average landuse ratio","type":"ratio","weight":46.0}}},"10 Hamgyeongnam-do Sinpo-si":{"ADM0":"PRK_14_20x10_2025","ADM1":"Hamgyeongnam-do","ADM2":"Sinpo-si","landuse":{"Landuse_Sum":{"val":{"Residential":0.2646120779,"Agricultural":1.1470726873,"Commercial":0.3154297641,"Factory":0.0177172483,"Mining":8.2651795159,"Power station":0.1347423977,"Transportation":1.3650686262,"Sports":0.1156407477,"Religious":0.4266148296,"Water":4.1632859806,"Others":25.5087516119},"desc":"Sum of landuse ratio",