{
  "04017": {
    "ADM0": "NK",
    "ADM1": "Hwanghaebuk-do",
    "ADM2": "Yeontan",
    "landuse": {
      "Landuse_Sum": {
        "val": {
          "Residential": 0.20816344022750854,
          "Agricultural": 1.9257391691207886,
          "Commercial": 0.012348592281341553,
          "Factory": 0.013114571571350098,
          "Mining": 103.68572127819061,
          "Power station": 0.3268404006958008,
          "Transportation": 0.6179155707359314,
          "Sports": 0.07265198230743408,
          "Religious": 1.0343146324157715,
          "Water": 11.583641707897186,
          "Others": 164.46485036611557
        },
        "desc": "Sum of landuse ratio",
        "type": "default",
        "weight": null
      },
      "Landuse_Average": {
        "val": {
          "Residential": 0.0007278441965996803,
          "Agricultural": 0.006733353738184575,
          "Commercial": 4.317689608860683e-5,
          "Factory": 4.585514535437097e-5,
          "Mining": 0.3625374869866805,
          "Power station": 0.0011427986038314714,
          "Transportation": 0.002160543953622138,
          "Sports": 0.0002540279101658534,
          "Religious": 0.003616484728726474,
          "Water": 0.04050224373390625,
          "Others": 0.5750519243570474
        },
        "desc": "Average landuse ratio",
        "type": "ratio",
        "weight": 286.0
      }
    }
  },
  "10013": {
    "ADM0": "NK",
    "ADM1": "Nampo-si",
    "ADM2": "Oncheon",
    "landuse": {
      "Landuse_Sum": {
        "val": {
          "Residential": 0.42040085792541504,
          "Agricultural": 27.599691808223724,
          "Commercial": 0.144584059715271,
          "Factory": 0.1277003288269043,
          "Mining": 37.45362043380737,
          "Power station": 1.1825096607208252,
          "Transportation": 2.1708004474639893,
          "Sports": 0.6257115006446838,
          "Religious": 1.713386356830597,
          "Water": 6.232623815536499,
          "Others": 136.28809475898743
        },
        "desc": "Sum of landuse ratio",
        "type": "default",
        "weight": null
      },
      "Landuse_Average": {
        "val": {
          "Residential": 0.0019463002681732178,
          "Agricultural": 0.12777635096399872,
          "Commercial": 0.0006693706468299583,
          "Factory": 0.0005912052260504828,
          "Mining": 0.17339639089725636,
          "Power station": 0.005474581762596413,
          "Transportation": 0.010050002071592543,
          "Sports": 0.0028968125029846473,
          "Religious": 0.007932344244586097,
          "Water": 0.02885473988674305,
          "Others": 0.6309634016619788
        },
        "desc": "Average landuse ratio",
        "type": "ratio",
        "weight": 216.0
      }
    }
  },
  "14001": {
    "ADM0": "NK",
    "ADM1": "Shinuiju",
    "ADM2": "Shinuiju",
    "landuse": {
      "Landuse_Sum": {
        "val": {
          "Residential": 0.5063163042068481,
          "Agricultural": 7.266328573226929,
          "Commercial": 0.29317694902420044,
          "Factory": 0.3367880582809448,
          "Mining": 14.743302881717682,
          "Power station": 0.8389360904693604,
          "Transportation": 3.9790802597999573,
          "Sports": 1.1159180402755737,
          "Religious": 0.9747895002365112,
          "Water": 4.570500314235687,
          "Others": 84.66969418525696
        },
        "desc": "Sum of landuse ratio",
        "type": "default",
        "weight": null
      },
      "Landuse_Average": {
        "val": {
          "Residential": 0.004184432266172299,
          "Agricultural": 0.06005230225807379,
          "Commercial": 0.002422949991935541,
          "Factory": 0.002783372382487147,
          "Mining": 0.12184547836130316,
          "Power station": 0.0069333561195814904,
          "Transportation": 0.03288496082479304,
          "Sports": 0.009222463142773337,
          "Religious": 0.008056111572202573,
          "Water": 0.03777272986971642,
          "Others": 0.6997495387211319
        },
        "desc": "Average landuse ratio",
        "type": "ratio",
        "weight": 121.0
      }
    }
  },
  "01008": {
    "ADM0": "NK",
    "ADM1": "Jagang-do",
    "ADM2": "Kanggye",
    "landuse": {
      "Landuse_Sum": {
        "val": {
          "Residential": 0.4450055956840515,
          "Agricultural": 0.6992315053939819,
          "Commercial": 0.20226573944091797,
          "Factory": 0.06114387512207031,
          "Mining": 14.786948025226593,
          "Power station": 0.8766534924507141,
          "Transportation": 3.332258462905884,
          "Sports": 0.33797502517700195,
          "Religious": 3.619650959968567,
          "Water": 9.227243721485138,
          "Others": 220.79822540283203
        },
        "desc": "Sum of landuse ratio",
        "type": "default",
        "weight": null
      },
      "Landuse_Average": {
        "val": {
          "Residential": 0.0017383031081408262,
          "Agricultural": 0.002731373067945242,
          "Commercial": 0.0007901005446910858,
          "Factory": 0.00023884326219558716,
          "Mining": 0.05776151572354138,
          "Power station": 0.003424427704885602,
          "Transportation": 0.013016634620726109,
          "Sports": 0.0013202149420976639,
          "Religious": 0.014139261562377214,
          "Water": 0.03604392078705132,
          "Others": 0.8624930679798126
        },
        "desc": "Average landuse ratio",
        "type": "ratio",
        "weight": 256.0
      }
    }
  },
  "13009": {
    "ADM0": "NK",
    "ADM1": "Yanggang-do",
    "ADM2": "Samjiyon",
    "landuse": {
      "Landuse_Sum": {
        "val": {
          "Residential": 0.17673975229263306,
          "Agricultural": 1.1223227977752686,
          "Commercial": 0.03782916069030762,
          "Factory": 0.1827879548072815,
          "Mining": 21.242603957653046,
          "Power station": 1.7683032751083374,
          "Transportation": 1.3530611395835876,
          "Sports": 0.273748517036438,
          "Religious": 20.322699546813965,
          "Water": 5.571015775203705,
          "Others": 729.6006317138672
        },
        "desc": "Sum of landuse ratio",
        "type": "default",
        "weight": null
      },
      "Landuse_Average": {
        "val": {
          "Residential": 0.0002254333575161136,
          "Agricultural": 0.0014315341808358018,
          "Commercial": 4.825148047233115e-5,
          "Factory": 0.00023314790153989987,
          "Mining": 0.027095158109251335,
          "Power station": 0.0022554888713116547,
          "Transportation": 0.0017258432902851884,
          "Sports": 0.0003491690268321913,
          "Religious": 0.025921810646446383,
          "Water": 0.007105887468372073,
          "Others": 0.9306130506554429
        },
        "desc": "Average landuse ratio",
        "type": "ratio",
        "weight": 784.0
      }
    }
  },
  "12001": {
    "ADM0": "NK",
    "ADM1": "Rason",
    "ADM2": "Rason",
    "landuse": {
      "Landuse_Sum": {
        "val": {
          "Residential": 0.34512704610824585,
          "Agricultural": 3.4204949140548706,
          "Commercial": 0.32541680335998535,
          "Factory": 0.5178673267364502,
          "Mining": 64.03509384393692,
          "Power station": 1.1666769981384277,
          "Transportation": 5.103185653686523,
          "Sports": 1.1274588108062744,
          "Religious": 4.708959400653839,
          "Water": 22.868202805519104,
          "Others": 640.8968160152435
        },
        "desc": "Sum of landuse ratio",
        "type": "default",
        "weight": null
      },
      "Landuse_Average": {
        "val": {
          "Residential": 0.00046016939481099446,
          "Agricultural": 0.0045606598854064945,
          "Commercial": 0.00043388907114664713,
          "Factory": 0.0006904897689819335,
          "Mining": 0.08538012512524923,
          "Power station": 0.001555569330851237,
          "Transportation": 0.006804247538248698,