{
  "13009": {
    "ADM0": "NK",
    "ADM1": "Yanggang-do",
    "ADM2": "Samjiyon",
    "landuse": {
      "Landuse_Sum": {
        "val": {
          "Residential": 0.10233265161514282,
          "Agricultural": 0.6507350206375122,
          "Commercial": 0.04093742370605469,
          "Factory": 0.26960599422454834,
          "Mining": 19.458151042461395,
          "Power station": 0.4635509252548218,
          "Transportation": 0.4871464967727661,
          "Sports": 0.5385056734085083,
          "Religious": 25.733769714832306,
          "Water": 5.4531309604644775,
          "Others": 729.0183525085449
        },
        "desc": "Sum of landuse ratio",
        "type": "default",
        "weight": null
      },
      "Landuse_Average": {
        "val": {
          "Residential": 0.00013052634134584545,
          "Agricultural": 0.0008300191589764186,
          "Commercial": 5.221610166588608e-5,
          "Factory": 0.0003438851967149851,
          "Mining": 0.024819070207221166,
          "Power station": 0.0005912639352740074,
          "Transportation": 0.0006213603275162834,
          "Sports": 0.0006868694813884034,
          "Religious": 0.03282368586075549,
          "Water": 0.006955524184265915,
          "Others": 0.9298703475874297
        },
        "desc": "Average landuse ratio",
        "type": "ratio",
        "weight": 784.0
      }
    }
  },
  "01008": {
    "ADM0": "NK",
    "ADM1": "Jagang-do",
    "ADM2": "Kanggye",
    "landuse": {
      "Landuse_Sum": {
        "val": {
          "Residential": 0.30626237392425537,
          "Agricultural": 0.07054311037063599,
          "Commercial": 0.3648749589920044,
          "Factory": 0.03971374034881592,
          "Mining": 14.193085193634033,
          "Power station": 0.7280440926551819,
          "Transportation": 3.8985143303871155,
          "Sports": 0.2404271960258484,
          "Religious": 3.4142354130744934,
          "Water": 9.796940088272095,
          "Others": 221.20015716552734
        },
        "desc": "Sum of landuse ratio",
        "type": "default",
        "weight": null
      },
      "Landuse_Average": {
        "val": {
          "Residential": 0.0011963373981416225,
          "Agricultural": 0.0002755590248852968,
          "Commercial": 0.0014252928085625172,
          "Factory": 0.00015513179823756218,
          "Mining": 0.05544173903763294,
          "Power station": 0.0028439222369343042,
          "Transportation": 0.01522857160307467,
          "Sports": 0.0009391687344759703,
          "Religious": 0.01333685708232224,
          "Water": 0.03826929721981287,
          "Others": 0.8640631139278412
        },
        "desc": "Average landuse ratio",
        "type": "ratio",
        "weight": 256.0
      }
    }
  },
  "14001": {
    "ADM0": "NK",
    "ADM1": "Shinuiju",
    "ADM2": "Shinuiju",
    "landuse": {
      "Landuse_Sum": {
        "val": {
          "Residential": 0.41063153743743896,
          "Agricultural": 3.033652186393738,
          "Commercial": 0.11902213096618652,
          "Factory": 0.35738688707351685,
          "Mining": 9.41575276851654,
          "Power station": 0.8452247977256775,
          "Transportation": 4.0595924854278564,
          "Sports": 1.0340397357940674,
          "Religious": 1.0774749517440796,
          "Water": 5.625456273555756,
          "Others": 93.28571003675461
        },
        "desc": "Sum of landuse ratio",
        "type": "default",
        "weight": null
      },
      "Landuse_Average": {
        "val": {
          "Residential": 0.0033936490697309006,
          "Agricultural": 0.02507150567267552,
          "Commercial": 0.0009836539749271613,
          "Factory": 0.002953610636971214,
          "Mining": 0.07781613858278133,
          "Power station": 0.006985328906823781,
          "Transportation": 0.033550351119238486,
          "Sports": 0.008545782940446838,
          "Religious": 0.008904751667306443,
          "Water": 0.04649137416161782,
          "Others": 0.7709562812954927
        },
        "desc": "Average landuse ratio",
        "type": "ratio",
        "weight": 121.0
      }
    }
  },
  "03004": {
    "ADM0": "NK",
    "ADM1": "Hamgyeongnam-do",
    "ADM2": "Hamhŭng",
    "landuse": {
      "Landuse_Sum": {
        "val": {
          "Residential": 1.6095356345176697,
          "Agricultural": 5.954508066177368,
          "Commercial": 1.944425344467163,
          "Factory": 0.1912807822227478,
          "Mining": 80.89102733135223,
          "Power station": 2.435088336467743,
          "Transportation": 8.46847116947174,
          "Sports": 0.3466978073120117,
          "Religious": 3.447532057762146,
          "Water": 3.508597671985626,
          "Others": 277.48249024152756
        },
        "desc": "Sum of landuse ratio",
        "type": "default",
        "weight": null
      },
      "Landuse_Average": {
        "val": {
          "Residential": 0.004127014447481204,
          "Agricultural": 0.01526796940045479,
          "Commercial": 0.004985706011454264,
          "Factory": 0.0004904635441608918,
          "Mining": 0.20741289059321086,
          "Power station": 0.006243816247353187,
          "Transportation": 0.02171402863967113,
          "Sports": 0.0008889687366974659,
          "Religious": 0.008839825789133707,
          "Water": 0.008996404287142632,
          "Others": 0.7114935647218655
        },
        "desc": "Average landuse ratio",
        "type": "ratio",
        "weight": 390.0
      }
    }
  },
  "11001": {
    "ADM0": "NK",
    "ADM1": "Pyeongyang",
    "ADM2": "Pyeongyang",
    "landuse": {
      "Landuse_Sum": {
        "val": {
          "Residential": 2.1816121339797974,
          "Agricultural": 28.81498873233795,
          "Commercial": 5.2354801297187805,
          "Factory": 4.257671296596527,
          "Mining": 108.28683578968048,
          "Power station": 10.646143198013306,
          "Transportation": 32.415217220783234,
          "Sports": 5.932102024555206,
          "Religious": 5.324698388576508,
          "Water": 15.289837181568146,
          "Others": 320.7570781111717
        },
        "desc": "Sum of landuse ratio",
        "type": "default",
        "weight": null
      },
      "Landuse_Average": {
        "val": {
          "Residential": 0.003966567516326905,
          "Agricultural": 0.05239088860425082,
          "Commercial": 0.009519054781306874,
          "Factory": 0.007741220539266413,
          "Mining": 0.19688515598123724,
          "Power station": 0.01935662399638783,
          "Transportation": 0.058936758583242245,
          "Sports": 0.01078564004464583,
          "Religious": 0.009681269797411832,
          "Water": 0.027799703966487538,
          "Others": 0.5831946874748577
        },
        "desc": "Average landuse ratio",
        "type": "ratio",
        "weight": 550.0
      }
    }
  },
  "09010": {
    "ADM0": "NK",
    "ADM1": "Pyonganbuk-do",
    "ADM2": "Guseong-si",
    "landuse": {
      "Landuse_Sum": {
        "val": {
          "Residential": 0.720096230506897,
          "Agricultural": 4.748682856559753,
          "Commercial": 0.1590193510055542,
          "Factory": 0.07498592138290405,
          "Mining": 66.10801112651825,
          "Power station": 1.757610559463501,
          "Transportation": 5.3579453229904175,
          "Sports": 0.8317089676856995,
          "Religious": 3.0711365938186646,
          "Water": 13.084461450576782,
          "Others": 277.9623711705208
        },
        "desc": "Sum of landuse ratio",
        "type": "default",
        "weight": null
      },
      "Landuse_Average": {
        "val": {
          "Residential": 0.0019050164828224787,
          "Agricultural": 0.012562653059681888,
          "Commercial": 0.0004206861137713074,
          "Factory": 0.00019837545339392607,
          "Mining": 0.17488891832412234,
          "Power station": 0.004649763384824077,
          "Transportation": 0.014174458526429675,